专业,系统,设备,总体
汽机,汽轮机本体,汽轮机本体,汽机设备
汽机,汽轮机本体,汽轮机本体疏水气控阀门,汽机设备
汽机,汽轮机本体,汽轮机本体疏水手动阀门,汽机设备
汽机,调速保安系统,高压自动主汽门,汽机设备
汽机,调速保安系统,高压调速汽门,汽机设备
汽机,调速保安系统,中压主汽门,汽机设备
汽机,调速保安系统,中压调速汽门,汽机设备
汽机,调速保安系统,危急遮断装置,汽机设备
汽机,调速保安系统,隔膜阀,汽机设备
汽机,调速保安系统,空气引导阀,汽机设备
汽机,调速保安系统,危急遮断控制块,汽机设备
汽机,EH油系统,EH油泵,汽机设备
汽机,EH油系统,阀门,汽机设备
汽机,EH油系统,EH油箱,汽机设备
汽机,EH油系统,油动机,汽机设备
汽机,EH油系统,遮断电磁阀,汽机设备
汽机,EH油系统,卸荷阀,汽机设备
汽机,EH油系统,蓄能器,汽机设备
汽机,润滑油系统,润滑油冷油器,汽机设备
汽机,润滑油系统,润滑油主油箱,汽机设备
汽机,润滑油系统,注油器,汽机设备
汽机,润滑油系统,交流润滑油泵,汽机设备
汽机,润滑油系统,直流润滑油泵,汽机设备
汽机,润滑油系统,排烟风机,汽机设备
汽机,润滑油系统,顶轴油泵,汽机设备
汽机,润滑油系统,主油泵,汽机设备
汽机,润滑油系统,高压启备油泵,汽机设备
汽机,润滑油系统,滤油机,汽机设备
汽机,润滑油系统,润滑油储油箱,汽机设备
汽机,润滑油系统,油管道,汽机设备
汽机,润滑油系统,手动阀门,汽机设备
汽机,密封油系统,密封油箱,汽机设备
汽机,密封油系统,密封油冷油器,汽机设备
汽机,密封油系统,密封油过滤器,汽机设备
汽机,密封油系统,密封油差压阀,汽机设备
汽机,密封油系统,密封油平衡阀,汽机设备
汽机,密封油系统,空侧交流密封油泵,汽机设备
汽机,密封油系统,氢侧交流密封油泵,汽机设备
汽机,密封油系统,氢侧直流密封油泵,汽机设备
汽机,密封油系统,空侧直流密封油泵,汽机设备
汽机,密封油系统,密封油排烟风机,汽机设备
汽机,凝结水系统,除氧器水位调节阀,汽机设备
汽机,凝结水系统,混合式低压加热器(#1 、2低压加热器),汽机设备
汽机,凝结水系统,凝结水泵出口电动闸阀,汽机设备
汽机,凝结水系统,表面式低压加热器,汽机设备
汽机,凝结水系统,凝结水系统压力表一次门,汽机设备
汽机,凝结水系统,凝结水泵出口止回阀,汽机设备
汽机,凝结水系统,混合式低压加热器(#1 、2低压加热器)水位调节门,汽机设备
汽机,凝结水系统,表面式低压加热器旁路电动门,汽机设备
汽机,凝结水系统,除氧器水位调节阀旁路电动门,汽机设备
汽机,凝结水系统,除氧器,汽机设备
汽机,凝结水系统,除氧器安全阀,汽机设备
汽机,凝结水系统,凝结水泵,汽机设备
汽机,凝结水系统,凝结水系统取样一次门,汽机设备
汽机,凝结水系统,凝结水系统排空门,汽机设备
汽机,凝结水系统,凝结水系统放水水门,汽机设备
汽机,凝结水系统,凝结水泵入口电动闸阀,汽机设备
汽机,给水系统,给水泵出口电动门,汽机设备
汽机,给水系统,给水泵出口逆止门,汽机设备
汽机,给水系统,给水泵出口再循环电动门,汽机设备
汽机,给水系统,高压加热器,汽机设备
汽机,给水系统,高压加热器出入口电动门,汽机设备
汽机,给水系统,高压加热器旁路电动门,汽机设备
汽机,给水系统,给水系统放水手动门,汽机设备
汽机,给水系统,给水泵中间抽头电动门,汽机设备
汽机,给水系统,电动给水泵,汽机设备
汽机,给水系统,偶合器,汽机设备
汽机,给水系统,电泵前置泵,汽机设备
汽机,给水系统,汽动给水泵,汽机设备
汽机,给水系统,汽泵前置泵,汽机设备
汽机,小机系统,给水泵汽轮机,汽机设备
汽机,小机系统,给水泵汽轮机本体疏水气控阀门,汽机设备
汽机,小机本体,给水泵汽轮机本体疏水手动阀门,汽机设备
汽机,空冷系统,减速机,汽机设备
汽机,空冷系统,散热翅片,汽机设备
汽机,空冷系统,风机,汽机设备
汽机,循环水系统,循环水泵,汽机设备
汽机,循环水系统,液控蝶阀,汽机设备
汽机,循环水系统,凝汽器,汽机设备
汽机,胶球系统,胶球泵,汽机设备
汽机,胶球系统,收球网,汽机设备
汽机,定冷水系统,定冷泵,汽机设备
汽机,定冷水系统,定冷器,汽机设备
汽机,开式水系统,开式循环水泵,汽机设备
汽机,开式水系统,开式水滤网,汽机设备
汽机,雨水系统,雨水泵,汽机设备
汽机,闭式水系统,闭式循环水泵,汽机设备
汽机,闭式水系统,闭式水换热器,汽机设备
化学,补给水处理系统,生水泵,汽机设备
化学,补给水处理系统,双介质过滤器,汽机设备
化学,补给水处理系统,罗茨风机,汽机设备
化学,补给水处理系统,反渗透装置,汽机设备
化学,补给水处理系统,混床,汽机设备
化学,补给水处理系统,气动隔膜阀,汽机设备
化学,补给水处理系统,除盐水泵,汽机设备
化学,补给水处理系统,高压泵,汽机设备
化学,补给水处理系统,反洗水泵,汽机设备
化学,补给水处理系统,活性炭过滤器,汽机设备
化学,工业废水处理系统,无阀过滤器,汽机设备
化学,工业废水处理系统,气浮装置,汽机设备
化学,工业废水处理系统,废水池,汽机设备
化学,工业废水处理系统,清水池,汽机设备
化学,工业废水处理系统,潜水泵,汽机设备
化学,工业废水处理系统,中间水池,汽机设备
化学,锅内水处理系统,炉水加磷酸盐计量泵,汽机设备
化学,锅内水处理系统,采样冷却水泵,汽机设备
化学,锅内水处理系统,采样冷却器,汽机设备
化学,锅内水处理系统,蒸汽入口冷却器,汽机设备
化学,凝结水处理系统,高速混床,汽机设备
化学,凝结水处理系统,树脂捕捉器,汽机设备
化学,凝结水处理系统,再循环泵,汽机设备
化学,凝结水处理系统,阳树脂塔,汽机设备
化学,凝结水处理系统,阴树脂塔,汽机设备
化学,凝结水处理系统,盐酸储存罐,汽机设备
化学,凝结水处理系统,电动蝶阀,汽机设备
化学,凝结水处理系统,气动蝶阀,汽机设备
化学,循环水处理系统,硫酸储存罐,汽机设备
化学,循环水处理系统,硫酸计量泵,汽机设备
化学,循环水处理系统,阻垢剂药箱,汽机设备
化学,循环水处理系统,阻垢剂搅拌器,汽机设备
化学,弱酸处理系统,盐酸储存罐,汽机设备
化学,弱酸处理系统,碱液储存罐,汽机设备
化学,弱酸处理系统,卸酸泵,汽机设备
化学,弱酸处理系统,卸碱泵,汽机设备
化学,水电解制氢装置,氢气储存罐,汽机设备
化学,水电解制氢装置,氢气储存罐储罐安全阀,汽机设备
化学,水电解制氢装置,制氢装置,汽机设备
化学,水电解制氢装置,化学制氢碱液循环泵,汽机设备
化学,水电解制氢装置,化学制氢站送水泵,汽机设备
化学,水电解制氢装置,吸附干燥器,汽机设备
